{"kind":"APIResourceList","apiVersion":"v1","groupVersion":"networking.gke.io/v1beta1","resources":[{"name":"frontendconfigs","singularName":"frontendconfig","namespaced":true,"group":"networking.gke.io","version":"v1beta1","kind":"FrontendConfig","verbs":["delete","deletecollection","get","list","patch","create","update","watch"]},{"name":"managedcertificates","singularName":"managedcertificate","namespaced":true,"group":"networking.gke.io","version":"v1beta1","kind":"ManagedCertificate","verbs":["delete","deletecollection","get","list","patch","create","update","watch"],"shortNames":["mcrt"]},{"name":"serviceattachments","singularName":"serviceattachment","namespaced":true,"group":"networking.gke.io","version":"v1beta1","kind":"ServiceAttachment","verbs":["delete","deletecollection","get","list","patch","create","update","watch"]},{"name":"servicenetworkendpointgroups","singularName":"servicenetworkendpointgroup","namespaced":true,"group":"networking.gke.io","version":"v1beta1","kind":"ServiceNetworkEndpointGroup","verbs":["delete","deletecollection","get","list","patch","create","update","watch"],"shortNames":["svcneg"]}]}
