{"kind":"APIResourceList","apiVersion":"v1","groupVersion":"snapshot.storage.k8s.io/v1","resources":[{"name":"volumesnapshotclasses","singularName":"volumesnapshotclass","namespaced":false,"group":"snapshot.storage.k8s.io","version":"v1","kind":"VolumeSnapshotClass","verbs":["delete","deletecollection","get","list","patch","create","update","watch"]},{"name":"volumesnapshotcontents","singularName":"volumesnapshotcontent","namespaced":false,"group":"snapshot.storage.k8s.io","version":"v1","kind":"VolumeSnapshotContent","verbs":["delete","deletecollection","get","list","patch","create","update","watch"]},{"name":"volumesnapshotcontents/status","singularName":"volumesnapshotcontent","namespaced":false,"group":"snapshot.storage.k8s.io","version":"v1","kind":"VolumeSnapshotContent","verbs":["get","patch","update"]},{"name":"volumesnapshots","singularName":"volumesnapshot","namespaced":true,"group":"snapshot.storage.k8s.io","version":"v1","kind":"VolumeSnapshot","verbs":["delete","deletecollection","get","list","patch","create","update","watch"]},{"name":"volumesnapshots/status","singularName":"volumesnapshot","namespaced":true,"group":"snapshot.storage.k8s.io","version":"v1","kind":"VolumeSnapshot","verbs":["get","patch","update"]}]}
