{"kind":"APIResourceList","apiVersion":"v1","groupVersion":"v1","resources":[{"name":"bindings","singularName":"binding","namespaced":true,"kind":"Binding","verbs":["create"]},{"name":"componentstatuses","singularName":"componentstatus","namespaced":false,"kind":"ComponentStatus","verbs":["get","list"],"shortNames":["cs"]},{"name":"configmaps","singularName":"configmap","namespaced":true,"kind":"ConfigMap","verbs":["create","delete","deletecollection","get","list","patch","update","watch"],"shortNames":["cm"]},{"name":"endpoints","singularName":"endpoints","namespaced":true,"kind":"Endpoints","verbs":["create","delete","deletecollection","get","list","patch","update","watch"],"shortNames":["ep"]},{"name":"events","singularName":"event","namespaced":true,"kind":"Event","verbs":["create","delete","deletecollection","get","list","patch","update","watch"],"shortNames":["ev"]},{"name":"limitranges","singularName":"limitrange","namespaced":true,"kind":"LimitRange","verbs":["create","delete","deletecollection","get","list","patch","update","watch"],"shortNames":["limits"]},{"name":"namespaces","singularName":"namespace","namespaced":false,"kind":"Namespace","verbs":["create","delete","get","list","patch","update","watch"],"shortNames":["ns"]},{"name":"namespaces/finalize","singularName":"namespace","namespaced":false,"kind":"Namespace","verbs":["update"]},{"name":"namespaces/status","singularName":"namespace","namespaced":false,"kind":"Namespace","verbs":["get","patch","update"]},{"name":"nodes","singularName":"node","namespaced":false,"kind":"Node","verbs":["create","delete","deletecollection","get","list","patch","update","watch"],"shortNames":["no"]},{"name":"nodes/proxy","singularName":"node","namespaced":false,"kind":"NodeProxyOptions","verbs":["create","delete","get","patch","update"]},{"name":"nodes/status","singularName":"node","namespaced":false,"kind":"Node","verbs":["get","patch","update"]},{"name":"persistentvolumeclaims","singularName":"persistentvolumeclaim","namespaced":true,"kind":"PersistentVolumeClaim","verbs":["create","delete","deletecollection","get","list","patch","update","watch"],"shortNames":["pvc"]},{"name":"persistentvolumeclaims/status","singularName":"persistentvolumeclaim","namespaced":true,"kind":"PersistentVolumeClaim","verbs":["get","patch","update"]},{"name":"persistentvolumes","singularName":"persistentvolume","namespaced":false,"kind":"PersistentVolume","verbs":["create","delete","deletecollection","get","list","patch","update","watch"],"shortNames":["pv"]},{"name":"persistentvolumes/status","singularName":"persistentvolume","namespaced":false,"kind":"PersistentVolume","verbs":["get","patch","update"]},{"name":"pods","singularName":"pod","namespaced":true,"kind":"Pod","verbs":["create","delete","deletecollection","get","list","patch","update","watch"],"shortNames":["po"],"categories":["all"]},{"name":"pods/attach","singularName":"pod","namespaced":true,"kind":"PodAttachOptions","verbs":["create","get"]},{"name":"pods/binding","singularName":"pod","namespaced":true,"kind":"Binding","verbs":["create"]},{"name":"pods/ephemeralcontainers","singularName":"pod","namespaced":true,"kind":"Pod","verbs":["get","patch","update"]},{"name":"pods/eviction","singularName":"pod","namespaced":true,"group":"policy","version":"v1","kind":"Eviction","verbs":["create"]},{"name":"pods/exec","singularName":"pod","namespaced":true,"kind":"PodExecOptions","verbs":["create","get"]},{"name":"pods/log","singularName":"pod","namespaced":true,"kind":"Pod","verbs":["get"]},{"name":"pods/portforward","singularName":"pod","namespaced":true,"kind":"PodPortForwardOptions","verbs":["create","get"]},{"name":"pods/proxy","singularName":"pod","namespaced":true,"kind":"PodProxyOptions","verbs":["create","delete","get","patch","update"]},{"name":"pods/status","singularName":"pod","namespaced":true,"kind":"Pod","verbs":["get","patch","update"]},{"name":"podtemplates","singularName":"podtemplate","namespaced":true,"kind":"PodTemplate","verbs":["create","delete","deletecollection","get","list","patch","update","watch"]},{"name":"replicationcontrollers","singularName":"replicationcontroller","namespaced":true,"kind":"ReplicationController","verbs":["create","delete","deletecollection","get","list","patch","update","watch"],"shortNames":["rc"],"categories":["all"]},{"name":"replicationcontrollers/scale","singularName":"replicationcontroller","namespaced":true,"group":"autoscaling","version":"v1","kind":"Scale","verbs":["get","patch","update"]},{"name":"replicationcontrollers/status","singularName":"replicationcontroller","namespaced":true,"kind":"ReplicationController","verbs":["get","patch","update"]},{"name":"resourcequotas","singularName":"resourcequota","namespaced":true,"kind":"ResourceQuota","verbs":["create","delete","deletecollection","get","list","patch","update","watch"],"shortNames":["quota"]},{"name":"resourcequotas/status","singularName":"resourcequota","namespaced":true,"kind":"ResourceQuota","verbs":["get","patch","update"]},{"name":"secrets","singularName":"secret","namespaced":true,"kind":"Secret","verbs":["create","delete","deletecollection","get","list","patch","update","watch"]},{"name":"serviceaccounts","singularName":"serviceaccount","namespaced":true,"kind":"ServiceAccount","verbs":["create","delete","deletecollection","get","list","patch","update","watch"],"shortNames":["sa"]},{"name":"serviceaccounts/token","singularName":"serviceaccount","namespaced":true,"group":"authentication.k8s.io","version":"v1","kind":"TokenRequest","verbs":["create"]},{"name":"services","singularName":"service","namespaced":true,"kind":"Service","verbs":["create","delete","deletecollection","get","list","patch","update","watch"],"shortNames":["svc"],"categories":["all"]},{"name":"services/proxy","singularName":"service","namespaced":true,"kind":"ServiceProxyOptions","verbs":["create","delete","get","patch","update"]},{"name":"services/status","singularName":"service","namespaced":true,"kind":"Service","verbs":["get","patch","update"]}]}
