{"kind":"APIResourceList","apiVersion":"v1","groupVersion":"auto.gke.io/v1","resources":[{"name":"allowlistedv2workloads","singularName":"allowlistedv2workload","namespaced":false,"group":"auto.gke.io","version":"v1","kind":"AllowlistedV2Workload","verbs":["delete","deletecollection","get","list","patch","create","update","watch"]},{"name":"allowlistedworkloads","singularName":"allowlistedworkload","namespaced":false,"group":"auto.gke.io","version":"v1","kind":"AllowlistedWorkload","verbs":["delete","deletecollection","get","list","patch","create","update","watch"]}]}
