{"kind":"APIResourceList","apiVersion":"v1","groupVersion":"monitoring.googleapis.com/v1alpha1","resources":[{"name":"clusterpodmonitorings","singularName":"clusterpodmonitoring","namespaced":false,"group":"monitoring.googleapis.com","version":"v1alpha1","kind":"ClusterPodMonitoring","verbs":["delete","deletecollection","get","list","patch","create","update","watch"]},{"name":"clusterpodmonitorings/status","singularName":"clusterpodmonitoring","namespaced":false,"group":"monitoring.googleapis.com","version":"v1alpha1","kind":"ClusterPodMonitoring","verbs":["get","patch","update"]},{"name":"clusterrules","singularName":"clusterrules","namespaced":false,"group":"monitoring.googleapis.com","version":"v1alpha1","kind":"ClusterRules","verbs":["delete","deletecollection","get","list","patch","create","update","watch"]},{"name":"clusterrules/status","singularName":"clusterrules","namespaced":false,"group":"monitoring.googleapis.com","version":"v1alpha1","kind":"ClusterRules","verbs":["get","patch","update"]},{"name":"globalrules","singularName":"globalrules","namespaced":false,"group":"monitoring.googleapis.com","version":"v1alpha1","kind":"GlobalRules","verbs":["delete","deletecollection","get","list","patch","create","update","watch"]},{"name":"globalrules/status","singularName":"globalrules","namespaced":false,"group":"monitoring.googleapis.com","version":"v1alpha1","kind":"GlobalRules","verbs":["get","patch","update"]},{"name":"operatorconfigs","singularName":"operatorconfig","namespaced":true,"group":"monitoring.googleapis.com","version":"v1alpha1","kind":"OperatorConfig","verbs":["delete","deletecollection","get","list","patch","create","update","watch"]},{"name":"podmonitorings","singularName":"podmonitoring","namespaced":true,"group":"monitoring.googleapis.com","version":"v1alpha1","kind":"PodMonitoring","verbs":["delete","deletecollection","get","list","patch","create","update","watch"]},{"name":"podmonitorings/status","singularName":"podmonitoring","namespaced":true,"group":"monitoring.googleapis.com","version":"v1alpha1","kind":"PodMonitoring","verbs":["get","patch","update"]},{"name":"rules","singularName":"rules","namespaced":true,"group":"monitoring.googleapis.com","version":"v1alpha1","kind":"Rules","verbs":["delete","deletecollection","get","list","patch","create","update","watch"]},{"name":"rules/status","singularName":"rules","namespaced":true,"group":"monitoring.googleapis.com","version":"v1alpha1","kind":"Rules","verbs":["get","patch","update"]}]}
