{"kind":"APIResourceList","apiVersion":"v1","groupVersion":"networking.gke.io/v1","resources":[{"name":"gkenetworkparamsets","singularName":"gkenetworkparamset","namespaced":false,"group":"networking.gke.io","version":"v1","kind":"GKENetworkParamSet","verbs":["delete","deletecollection","get","list","patch","create","update","watch"]},{"name":"gkenetworkparamsets/status","singularName":"gkenetworkparamset","namespaced":false,"group":"networking.gke.io","version":"v1","kind":"GKENetworkParamSet","verbs":["get","patch","update"]},{"name":"managedcertificates","singularName":"managedcertificate","namespaced":true,"group":"networking.gke.io","version":"v1","kind":"ManagedCertificate","verbs":["delete","deletecollection","get","list","patch","create","update","watch"],"shortNames":["mcrt"]},{"name":"networks","singularName":"network","namespaced":false,"group":"networking.gke.io","version":"v1","kind":"Network","verbs":["delete","deletecollection","get","list","patch","create","update","watch"]},{"name":"networks/status","singularName":"network","namespaced":false,"group":"networking.gke.io","version":"v1","kind":"Network","verbs":["get","patch","update"]},{"name":"serviceattachments","singularName":"serviceattachment","namespaced":true,"group":"networking.gke.io","version":"v1","kind":"ServiceAttachment","verbs":["delete","deletecollection","get","list","patch","create","update","watch"]}]}
