{"kind":"APIResourceList","apiVersion":"v1","groupVersion":"flowcontrol.apiserver.k8s.io/v1beta3","resources":[{"name":"flowschemas","singularName":"flowschema","namespaced":false,"kind":"FlowSchema","verbs":["create","delete","deletecollection","get","list","patch","update","watch"]},{"name":"flowschemas/status","singularName":"flowschema","namespaced":false,"kind":"FlowSchema","verbs":["get","patch","update"]},{"name":"prioritylevelconfigurations","singularName":"prioritylevelconfiguration","namespaced":false,"kind":"PriorityLevelConfiguration","verbs":["create","delete","deletecollection","get","list","patch","update","watch"]},{"name":"prioritylevelconfigurations/status","singularName":"prioritylevelconfiguration","namespaced":false,"kind":"PriorityLevelConfiguration","verbs":["get","patch","update"]}]}
